sample1	sample2	value
C1_me_02768AAE_GGTCAATTGC-ATTCCTTGCA	C1_me_02768AAE_GGTCAATTGC-ATTCCTTGCA	0
C1_me_02768AAE_GGTCAATTGC-ATTCCTTGCA	C2_me_02769AAE_ATCTGTCTTG-TCATACTAGC	0.05886817414995671
C1_me_02768AAE_GGTCAATTGC-ATTCCTTGCA	C3_me_02770AAE_TAAGCCAGAT-GACGTGCCTT	0.11055200342713367
C1_me_02768AAE_GGTCAATTGC-ATTCCTTGCA	T1_as_02771AAE_CTGATGGACC-CGGAGATGAG	0.09485787136321688
C1_me_02768AAE_GGTCAATTGC-ATTCCTTGCA	T2_as_02772AAE_CATAGTTCCA-TACGATCAGG	0.10334702883163371
C1_me_02768AAE_GGTCAATTGC-ATTCCTTGCA	T3_as_02773AAE_TTATACCTTG-CTGCTAGTAC	0.09567494188060677
C1_me_02768AAE_GGTCAATTGC-ATTCCTTGCA	T4_cr_02774AAE_AGGCTAGGAT-AGTACCTCTA	0.16445818314697291
C1_me_02768AAE_GGTCAATTGC-ATTCCTTGCA	T5_cr_02775AAE_GCCGTGAAGT-GCATGGAGCG	0.19259074893078154
C1_me_02768AAE_GGTCAATTGC-ATTCCTTGCA	T6_cr_02776AAE_TCTCCGGACC-ATCTGAAGAT	0.18656699555991174
C2_me_02769AAE_ATCTGTCTTG-TCATACTAGC	C1_me_02768AAE_GGTCAATTGC-ATTCCTTGCA	0.05886817414995671
C2_me_02769AAE_ATCTGTCTTG-TCATACTAGC	C2_me_02769AAE_ATCTGTCTTG-TCATACTAGC	0
C2_me_02769AAE_ATCTGTCTTG-TCATACTAGC	C3_me_02770AAE_TAAGCCAGAT-GACGTGCCTT	0.10363057818622723
C2_me_02769AAE_ATCTGTCTTG-TCATACTAGC	T1_as_02771AAE_CTGATGGACC-CGGAGATGAG	0.0981618696550951
C2_me_02769AAE_ATCTGTCTTG-TCATACTAGC	T2_as_02772AAE_CATAGTTCCA-TACGATCAGG	0.09893674355749327
C2_me_02769AAE_ATCTGTCTTG-TCATACTAGC	T3_as_02773AAE_TTATACCTTG-CTGCTAGTAC	0.09423743542167218
C2_me_02769AAE_ATCTGTCTTG-TCATACTAGC	T4_cr_02774AAE_AGGCTAGGAT-AGTACCTCTA	0.14628914301581575
C2_me_02769AAE_ATCTGTCTTG-TCATACTAGC	T5_cr_02775AAE_GCCGTGAAGT-GCATGGAGCG	0.16303894301369404
C2_me_02769AAE_ATCTGTCTTG-TCATACTAGC	T6_cr_02776AAE_TCTCCGGACC-ATCTGAAGAT	0.1599632242465927
C3_me_02770AAE_TAAGCCAGAT-GACGTGCCTT	C1_me_02768AAE_GGTCAATTGC-ATTCCTTGCA	0.11055200342713367
C3_me_02770AAE_TAAGCCAGAT-GACGTGCCTT	C2_me_02769AAE_ATCTGTCTTG-TCATACTAGC	0.10363057818622723
C3_me_02770AAE_TAAGCCAGAT-GACGTGCCTT	C3_me_02770AAE_TAAGCCAGAT-GACGTGCCTT	0
C3_me_02770AAE_TAAGCCAGAT-GACGTGCCTT	T1_as_02771AAE_CTGATGGACC-CGGAGATGAG	0.07842290235622773
C3_me_02770AAE_TAAGCCAGAT-GACGTGCCTT	T2_as_02772AAE_CATAGTTCCA-TACGATCAGG	0.07440035448313131
C3_me_02770AAE_TAAGCCAGAT-GACGTGCCTT	T3_as_02773AAE_TTATACCTTG-CTGCTAGTAC	0.0695785005553935
C3_me_02770AAE_TAAGCCAGAT-GACGTGCCTT	T4_cr_02774AAE_AGGCTAGGAT-AGTACCTCTA	0.18615123802771727
C3_me_02770AAE_TAAGCCAGAT-GACGTGCCTT	T5_cr_02775AAE_GCCGTGAAGT-GCATGGAGCG	0.20430349865241015
C3_me_02770AAE_TAAGCCAGAT-GACGTGCCTT	T6_cr_02776AAE_TCTCCGGACC-ATCTGAAGAT	0.19753585435747045
T1_as_02771AAE_CTGATGGACC-CGGAGATGAG	C1_me_02768AAE_GGTCAATTGC-ATTCCTTGCA	0.09485787136321688
T1_as_02771AAE_CTGATGGACC-CGGAGATGAG	C2_me_02769AAE_ATCTGTCTTG-TCATACTAGC	0.0981618696550951
T1_as_02771AAE_CTGATGGACC-CGGAGATGAG	C3_me_02770AAE_TAAGCCAGAT-GACGTGCCTT	0.07842290235622773
T1_as_02771AAE_CTGATGGACC-CGGAGATGAG	T1_as_02771AAE_CTGATGGACC-CGGAGATGAG	0
T1_as_02771AAE_CTGATGGACC-CGGAGATGAG	T2_as_02772AAE_CATAGTTCCA-TACGATCAGG	0.0320916045695504
T1_as_02771AAE_CTGATGGACC-CGGAGATGAG	T3_as_02773AAE_TTATACCTTG-CTGCTAGTAC	0.03606882805543188
T1_as_02771AAE_CTGATGGACC-CGGAGATGAG	T4_cr_02774AAE_AGGCTAGGAT-AGTACCTCTA	0.1593272793048648
T1_as_02771AAE_CTGATGGACC-CGGAGATGAG	T5_cr_02775AAE_GCCGTGAAGT-GCATGGAGCG	0.18917030034354076
T1_as_02771AAE_CTGATGGACC-CGGAGATGAG	T6_cr_02776AAE_TCTCCGGACC-ATCTGAAGAT	0.18418222385872507
T2_as_02772AAE_CATAGTTCCA-TACGATCAGG	C1_me_02768AAE_GGTCAATTGC-ATTCCTTGCA	0.10334702883163371
T2_as_02772AAE_CATAGTTCCA-TACGATCAGG	C2_me_02769AAE_ATCTGTCTTG-TCATACTAGC	0.09893674355749327
T2_as_02772AAE_CATAGTTCCA-TACGATCAGG	C3_me_02770AAE_TAAGCCAGAT-GACGTGCCTT	0.07440035448313131
T2_as_02772AAE_CATAGTTCCA-TACGATCAGG	T1_as_02771AAE_CTGATGGACC-CGGAGATGAG	0.0320916045695504
T2_as_02772AAE_CATAGTTCCA-TACGATCAGG	T2_as_02772AAE_CATAGTTCCA-TACGATCAGG	0
T2_as_02772AAE_CATAGTTCCA-TACGATCAGG	T3_as_02773AAE_TTATACCTTG-CTGCTAGTAC	0.03538412853735551
T2_as_02772AAE_CATAGTTCCA-TACGATCAGG	T4_cr_02774AAE_AGGCTAGGAT-AGTACCTCTA	0.16292467601431548
T2_as_02772AAE_CATAGTTCCA-TACGATCAGG	T5_cr_02775AAE_GCCGTGAAGT-GCATGGAGCG	0.1875180904144076
T2_as_02772AAE_CATAGTTCCA-TACGATCAGG	T6_cr_02776AAE_TCTCCGGACC-ATCTGAAGAT	0.18410163776396882
T3_as_02773AAE_TTATACCTTG-CTGCTAGTAC	C1_me_02768AAE_GGTCAATTGC-ATTCCTTGCA	0.09567494188060677
T3_as_02773AAE_TTATACCTTG-CTGCTAGTAC	C2_me_02769AAE_ATCTGTCTTG-TCATACTAGC	0.09423743542167218
T3_as_02773AAE_TTATACCTTG-CTGCTAGTAC	C3_me_02770AAE_TAAGCCAGAT-GACGTGCCTT	0.0695785005553935
T3_as_02773AAE_TTATACCTTG-CTGCTAGTAC	T1_as_02771AAE_CTGATGGACC-CGGAGATGAG	0.03606882805543188
T3_as_02773AAE_TTATACCTTG-CTGCTAGTAC	T2_as_02772AAE_CATAGTTCCA-TACGATCAGG	0.03538412853735551
T3_as_02773AAE_TTATACCTTG-CTGCTAGTAC	T3_as_02773AAE_TTATACCTTG-CTGCTAGTAC	0
T3_as_02773AAE_TTATACCTTG-CTGCTAGTAC	T4_cr_02774AAE_AGGCTAGGAT-AGTACCTCTA	0.1542112009072406
T3_as_02773AAE_TTATACCTTG-CTGCTAGTAC	T5_cr_02775AAE_GCCGTGAAGT-GCATGGAGCG	0.1795778980663928
T3_as_02773AAE_TTATACCTTG-CTGCTAGTAC	T6_cr_02776AAE_TCTCCGGACC-ATCTGAAGAT	0.17451761998479143
T4_cr_02774AAE_AGGCTAGGAT-AGTACCTCTA	C1_me_02768AAE_GGTCAATTGC-ATTCCTTGCA	0.16445818314697291
T4_cr_02774AAE_AGGCTAGGAT-AGTACCTCTA	C2_me_02769AAE_ATCTGTCTTG-TCATACTAGC	0.14628914301581575
T4_cr_02774AAE_AGGCTAGGAT-AGTACCTCTA	C3_me_02770AAE_TAAGCCAGAT-GACGTGCCTT	0.18615123802771727
T4_cr_02774AAE_AGGCTAGGAT-AGTACCTCTA	T1_as_02771AAE_CTGATGGACC-CGGAGATGAG	0.1593272793048648
T4_cr_02774AAE_AGGCTAGGAT-AGTACCTCTA	T2_as_02772AAE_CATAGTTCCA-TACGATCAGG	0.16292467601431548
T4_cr_02774AAE_AGGCTAGGAT-AGTACCTCTA	T3_as_02773AAE_TTATACCTTG-CTGCTAGTAC	0.1542112009072406
T4_cr_02774AAE_AGGCTAGGAT-AGTACCTCTA	T4_cr_02774AAE_AGGCTAGGAT-AGTACCTCTA	0
T4_cr_02774AAE_AGGCTAGGAT-AGTACCTCTA	T5_cr_02775AAE_GCCGTGAAGT-GCATGGAGCG	0.050943565775273036
T4_cr_02774AAE_AGGCTAGGAT-AGTACCTCTA	T6_cr_02776AAE_TCTCCGGACC-ATCTGAAGAT	0.04155537644766549
T5_cr_02775AAE_GCCGTGAAGT-GCATGGAGCG	C1_me_02768AAE_GGTCAATTGC-ATTCCTTGCA	0.19259074893078154
T5_cr_02775AAE_GCCGTGAAGT-GCATGGAGCG	C2_me_02769AAE_ATCTGTCTTG-TCATACTAGC	0.16303894301369404
T5_cr_02775AAE_GCCGTGAAGT-GCATGGAGCG	C3_me_02770AAE_TAAGCCAGAT-GACGTGCCTT	0.20430349865241015
T5_cr_02775AAE_GCCGTGAAGT-GCATGGAGCG	T1_as_02771AAE_CTGATGGACC-CGGAGATGAG	0.18917030034354076
T5_cr_02775AAE_GCCGTGAAGT-GCATGGAGCG	T2_as_02772AAE_CATAGTTCCA-TACGATCAGG	0.1875180904144076
T5_cr_02775AAE_GCCGTGAAGT-GCATGGAGCG	T3_as_02773AAE_TTATACCTTG-CTGCTAGTAC	0.1795778980663928
T5_cr_02775AAE_GCCGTGAAGT-GCATGGAGCG	T4_cr_02774AAE_AGGCTAGGAT-AGTACCTCTA	0.050943565775273036
T5_cr_02775AAE_GCCGTGAAGT-GCATGGAGCG	T5_cr_02775AAE_GCCGTGAAGT-GCATGGAGCG	0
T5_cr_02775AAE_GCCGTGAAGT-GCATGGAGCG	T6_cr_02776AAE_TCTCCGGACC-ATCTGAAGAT	0.02667814156809234
T6_cr_02776AAE_TCTCCGGACC-ATCTGAAGAT	C1_me_02768AAE_GGTCAATTGC-ATTCCTTGCA	0.18656699555991174
T6_cr_02776AAE_TCTCCGGACC-ATCTGAAGAT	C2_me_02769AAE_ATCTGTCTTG-TCATACTAGC	0.1599632242465927
T6_cr_02776AAE_TCTCCGGACC-ATCTGAAGAT	C3_me_02770AAE_TAAGCCAGAT-GACGTGCCTT	0.19753585435747045
T6_cr_02776AAE_TCTCCGGACC-ATCTGAAGAT	T1_as_02771AAE_CTGATGGACC-CGGAGATGAG	0.18418222385872507
T6_cr_02776AAE_TCTCCGGACC-ATCTGAAGAT	T2_as_02772AAE_CATAGTTCCA-TACGATCAGG	0.18410163776396882
T6_cr_02776AAE_TCTCCGGACC-ATCTGAAGAT	T3_as_02773AAE_TTATACCTTG-CTGCTAGTAC	0.17451761998479143
T6_cr_02776AAE_TCTCCGGACC-ATCTGAAGAT	T4_cr_02774AAE_AGGCTAGGAT-AGTACCTCTA	0.04155537644766549
T6_cr_02776AAE_TCTCCGGACC-ATCTGAAGAT	T5_cr_02775AAE_GCCGTGAAGT-GCATGGAGCG	0.02667814156809234
T6_cr_02776AAE_TCTCCGGACC-ATCTGAAGAT	T6_cr_02776AAE_TCTCCGGACC-ATCTGAAGAT	0
