sample1	sample2	pearson_r
C1_me_02768AAE_GGTCAATTGC-ATTCCTTGCA	C1_me_02768AAE_GGTCAATTGC-ATTCCTTGCA	1
C1_me_02768AAE_GGTCAATTGC-ATTCCTTGCA	C2_me_02769AAE_ATCTGTCTTG-TCATACTAGC	0.9411318258500433
C1_me_02768AAE_GGTCAATTGC-ATTCCTTGCA	C3_me_02770AAE_TAAGCCAGAT-GACGTGCCTT	0.8894479965728663
C1_me_02768AAE_GGTCAATTGC-ATTCCTTGCA	T1_as_02771AAE_CTGATGGACC-CGGAGATGAG	0.9051421286367831
C1_me_02768AAE_GGTCAATTGC-ATTCCTTGCA	T2_as_02772AAE_CATAGTTCCA-TACGATCAGG	0.8966529711683663
C1_me_02768AAE_GGTCAATTGC-ATTCCTTGCA	T3_as_02773AAE_TTATACCTTG-CTGCTAGTAC	0.9043250581193932
C1_me_02768AAE_GGTCAATTGC-ATTCCTTGCA	T4_cr_02774AAE_AGGCTAGGAT-AGTACCTCTA	0.8355418168530271
C1_me_02768AAE_GGTCAATTGC-ATTCCTTGCA	T5_cr_02775AAE_GCCGTGAAGT-GCATGGAGCG	0.8074092510692185
C1_me_02768AAE_GGTCAATTGC-ATTCCTTGCA	T6_cr_02776AAE_TCTCCGGACC-ATCTGAAGAT	0.8134330044400883
C2_me_02769AAE_ATCTGTCTTG-TCATACTAGC	C1_me_02768AAE_GGTCAATTGC-ATTCCTTGCA	0.9411318258500433
C2_me_02769AAE_ATCTGTCTTG-TCATACTAGC	C2_me_02769AAE_ATCTGTCTTG-TCATACTAGC	1
C2_me_02769AAE_ATCTGTCTTG-TCATACTAGC	C3_me_02770AAE_TAAGCCAGAT-GACGTGCCTT	0.8963694218137728
C2_me_02769AAE_ATCTGTCTTG-TCATACTAGC	T1_as_02771AAE_CTGATGGACC-CGGAGATGAG	0.9018381303449049
C2_me_02769AAE_ATCTGTCTTG-TCATACTAGC	T2_as_02772AAE_CATAGTTCCA-TACGATCAGG	0.9010632564425067
C2_me_02769AAE_ATCTGTCTTG-TCATACTAGC	T3_as_02773AAE_TTATACCTTG-CTGCTAGTAC	0.9057625645783278
C2_me_02769AAE_ATCTGTCTTG-TCATACTAGC	T4_cr_02774AAE_AGGCTAGGAT-AGTACCTCTA	0.8537108569841843
C2_me_02769AAE_ATCTGTCTTG-TCATACTAGC	T5_cr_02775AAE_GCCGTGAAGT-GCATGGAGCG	0.836961056986306
C2_me_02769AAE_ATCTGTCTTG-TCATACTAGC	T6_cr_02776AAE_TCTCCGGACC-ATCTGAAGAT	0.8400367757534073
C3_me_02770AAE_TAAGCCAGAT-GACGTGCCTT	C1_me_02768AAE_GGTCAATTGC-ATTCCTTGCA	0.8894479965728663
C3_me_02770AAE_TAAGCCAGAT-GACGTGCCTT	C2_me_02769AAE_ATCTGTCTTG-TCATACTAGC	0.8963694218137728
C3_me_02770AAE_TAAGCCAGAT-GACGTGCCTT	C3_me_02770AAE_TAAGCCAGAT-GACGTGCCTT	1
C3_me_02770AAE_TAAGCCAGAT-GACGTGCCTT	T1_as_02771AAE_CTGATGGACC-CGGAGATGAG	0.9215770976437723
C3_me_02770AAE_TAAGCCAGAT-GACGTGCCTT	T2_as_02772AAE_CATAGTTCCA-TACGATCAGG	0.9255996455168687
C3_me_02770AAE_TAAGCCAGAT-GACGTGCCTT	T3_as_02773AAE_TTATACCTTG-CTGCTAGTAC	0.9304214994446065
C3_me_02770AAE_TAAGCCAGAT-GACGTGCCTT	T4_cr_02774AAE_AGGCTAGGAT-AGTACCTCTA	0.8138487619722827
C3_me_02770AAE_TAAGCCAGAT-GACGTGCCTT	T5_cr_02775AAE_GCCGTGAAGT-GCATGGAGCG	0.7956965013475898
C3_me_02770AAE_TAAGCCAGAT-GACGTGCCTT	T6_cr_02776AAE_TCTCCGGACC-ATCTGAAGAT	0.8024641456425295
T1_as_02771AAE_CTGATGGACC-CGGAGATGAG	C1_me_02768AAE_GGTCAATTGC-ATTCCTTGCA	0.9051421286367831
T1_as_02771AAE_CTGATGGACC-CGGAGATGAG	C2_me_02769AAE_ATCTGTCTTG-TCATACTAGC	0.9018381303449049
T1_as_02771AAE_CTGATGGACC-CGGAGATGAG	C3_me_02770AAE_TAAGCCAGAT-GACGTGCCTT	0.9215770976437723
T1_as_02771AAE_CTGATGGACC-CGGAGATGAG	T1_as_02771AAE_CTGATGGACC-CGGAGATGAG	1
T1_as_02771AAE_CTGATGGACC-CGGAGATGAG	T2_as_02772AAE_CATAGTTCCA-TACGATCAGG	0.9679083954304496
T1_as_02771AAE_CTGATGGACC-CGGAGATGAG	T3_as_02773AAE_TTATACCTTG-CTGCTAGTAC	0.9639311719445681
T1_as_02771AAE_CTGATGGACC-CGGAGATGAG	T4_cr_02774AAE_AGGCTAGGAT-AGTACCTCTA	0.8406727206951352
T1_as_02771AAE_CTGATGGACC-CGGAGATGAG	T5_cr_02775AAE_GCCGTGAAGT-GCATGGAGCG	0.8108296996564592
T1_as_02771AAE_CTGATGGACC-CGGAGATGAG	T6_cr_02776AAE_TCTCCGGACC-ATCTGAAGAT	0.8158177761412749
T2_as_02772AAE_CATAGTTCCA-TACGATCAGG	C1_me_02768AAE_GGTCAATTGC-ATTCCTTGCA	0.8966529711683663
T2_as_02772AAE_CATAGTTCCA-TACGATCAGG	C2_me_02769AAE_ATCTGTCTTG-TCATACTAGC	0.9010632564425067
T2_as_02772AAE_CATAGTTCCA-TACGATCAGG	C3_me_02770AAE_TAAGCCAGAT-GACGTGCCTT	0.9255996455168687
T2_as_02772AAE_CATAGTTCCA-TACGATCAGG	T1_as_02771AAE_CTGATGGACC-CGGAGATGAG	0.9679083954304496
T2_as_02772AAE_CATAGTTCCA-TACGATCAGG	T2_as_02772AAE_CATAGTTCCA-TACGATCAGG	1
T2_as_02772AAE_CATAGTTCCA-TACGATCAGG	T3_as_02773AAE_TTATACCTTG-CTGCTAGTAC	0.9646158714626445
T2_as_02772AAE_CATAGTTCCA-TACGATCAGG	T4_cr_02774AAE_AGGCTAGGAT-AGTACCTCTA	0.8370753239856845
T2_as_02772AAE_CATAGTTCCA-TACGATCAGG	T5_cr_02775AAE_GCCGTGAAGT-GCATGGAGCG	0.8124819095855924
T2_as_02772AAE_CATAGTTCCA-TACGATCAGG	T6_cr_02776AAE_TCTCCGGACC-ATCTGAAGAT	0.8158983622360312
T3_as_02773AAE_TTATACCTTG-CTGCTAGTAC	C1_me_02768AAE_GGTCAATTGC-ATTCCTTGCA	0.9043250581193932
T3_as_02773AAE_TTATACCTTG-CTGCTAGTAC	C2_me_02769AAE_ATCTGTCTTG-TCATACTAGC	0.9057625645783278
T3_as_02773AAE_TTATACCTTG-CTGCTAGTAC	C3_me_02770AAE_TAAGCCAGAT-GACGTGCCTT	0.9304214994446065
T3_as_02773AAE_TTATACCTTG-CTGCTAGTAC	T1_as_02771AAE_CTGATGGACC-CGGAGATGAG	0.9639311719445681
T3_as_02773AAE_TTATACCTTG-CTGCTAGTAC	T2_as_02772AAE_CATAGTTCCA-TACGATCAGG	0.9646158714626445
T3_as_02773AAE_TTATACCTTG-CTGCTAGTAC	T3_as_02773AAE_TTATACCTTG-CTGCTAGTAC	1
T3_as_02773AAE_TTATACCTTG-CTGCTAGTAC	T4_cr_02774AAE_AGGCTAGGAT-AGTACCTCTA	0.8457887990927594
T3_as_02773AAE_TTATACCTTG-CTGCTAGTAC	T5_cr_02775AAE_GCCGTGAAGT-GCATGGAGCG	0.8204221019336072
T3_as_02773AAE_TTATACCTTG-CTGCTAGTAC	T6_cr_02776AAE_TCTCCGGACC-ATCTGAAGAT	0.8254823800152086
T4_cr_02774AAE_AGGCTAGGAT-AGTACCTCTA	C1_me_02768AAE_GGTCAATTGC-ATTCCTTGCA	0.8355418168530271
T4_cr_02774AAE_AGGCTAGGAT-AGTACCTCTA	C2_me_02769AAE_ATCTGTCTTG-TCATACTAGC	0.8537108569841843
T4_cr_02774AAE_AGGCTAGGAT-AGTACCTCTA	C3_me_02770AAE_TAAGCCAGAT-GACGTGCCTT	0.8138487619722827
T4_cr_02774AAE_AGGCTAGGAT-AGTACCTCTA	T1_as_02771AAE_CTGATGGACC-CGGAGATGAG	0.8406727206951352
T4_cr_02774AAE_AGGCTAGGAT-AGTACCTCTA	T2_as_02772AAE_CATAGTTCCA-TACGATCAGG	0.8370753239856845
T4_cr_02774AAE_AGGCTAGGAT-AGTACCTCTA	T3_as_02773AAE_TTATACCTTG-CTGCTAGTAC	0.8457887990927594
T4_cr_02774AAE_AGGCTAGGAT-AGTACCTCTA	T4_cr_02774AAE_AGGCTAGGAT-AGTACCTCTA	1
T4_cr_02774AAE_AGGCTAGGAT-AGTACCTCTA	T5_cr_02775AAE_GCCGTGAAGT-GCATGGAGCG	0.949056434224727
T4_cr_02774AAE_AGGCTAGGAT-AGTACCTCTA	T6_cr_02776AAE_TCTCCGGACC-ATCTGAAGAT	0.9584446235523345
T5_cr_02775AAE_GCCGTGAAGT-GCATGGAGCG	C1_me_02768AAE_GGTCAATTGC-ATTCCTTGCA	0.8074092510692185
T5_cr_02775AAE_GCCGTGAAGT-GCATGGAGCG	C2_me_02769AAE_ATCTGTCTTG-TCATACTAGC	0.836961056986306
T5_cr_02775AAE_GCCGTGAAGT-GCATGGAGCG	C3_me_02770AAE_TAAGCCAGAT-GACGTGCCTT	0.7956965013475898
T5_cr_02775AAE_GCCGTGAAGT-GCATGGAGCG	T1_as_02771AAE_CTGATGGACC-CGGAGATGAG	0.8108296996564592
T5_cr_02775AAE_GCCGTGAAGT-GCATGGAGCG	T2_as_02772AAE_CATAGTTCCA-TACGATCAGG	0.8124819095855924
T5_cr_02775AAE_GCCGTGAAGT-GCATGGAGCG	T3_as_02773AAE_TTATACCTTG-CTGCTAGTAC	0.8204221019336072
T5_cr_02775AAE_GCCGTGAAGT-GCATGGAGCG	T4_cr_02774AAE_AGGCTAGGAT-AGTACCTCTA	0.949056434224727
T5_cr_02775AAE_GCCGTGAAGT-GCATGGAGCG	T5_cr_02775AAE_GCCGTGAAGT-GCATGGAGCG	1
T5_cr_02775AAE_GCCGTGAAGT-GCATGGAGCG	T6_cr_02776AAE_TCTCCGGACC-ATCTGAAGAT	0.9733218584319077
T6_cr_02776AAE_TCTCCGGACC-ATCTGAAGAT	C1_me_02768AAE_GGTCAATTGC-ATTCCTTGCA	0.8134330044400883
T6_cr_02776AAE_TCTCCGGACC-ATCTGAAGAT	C2_me_02769AAE_ATCTGTCTTG-TCATACTAGC	0.8400367757534073
T6_cr_02776AAE_TCTCCGGACC-ATCTGAAGAT	C3_me_02770AAE_TAAGCCAGAT-GACGTGCCTT	0.8024641456425295
T6_cr_02776AAE_TCTCCGGACC-ATCTGAAGAT	T1_as_02771AAE_CTGATGGACC-CGGAGATGAG	0.8158177761412749
T6_cr_02776AAE_TCTCCGGACC-ATCTGAAGAT	T2_as_02772AAE_CATAGTTCCA-TACGATCAGG	0.8158983622360312
T6_cr_02776AAE_TCTCCGGACC-ATCTGAAGAT	T3_as_02773AAE_TTATACCTTG-CTGCTAGTAC	0.8254823800152086
T6_cr_02776AAE_TCTCCGGACC-ATCTGAAGAT	T4_cr_02774AAE_AGGCTAGGAT-AGTACCTCTA	0.9584446235523345
T6_cr_02776AAE_TCTCCGGACC-ATCTGAAGAT	T5_cr_02775AAE_GCCGTGAAGT-GCATGGAGCG	0.9733218584319077
T6_cr_02776AAE_TCTCCGGACC-ATCTGAAGAT	T6_cr_02776AAE_TCTCCGGACC-ATCTGAAGAT	1
